Date,Location,Minimum Feeling Temperature(¡ÆC),maximum temperature(¡ÆC),average temperature(¡ÆC),lowest temperature(¡ÆC),Average Relative Humidity(%),average wind speed(m/s),maximum wind speed(m/s),Cold wave warning(O/X)
2023-01-01,104,-3.3,7.7,3,-2,29.6,2.1,6.3,X
2023-01-01,106,-0.4,9.9,5.3,0.8,26.1,2.7,5.3,X
2023-01-01,108,-8.1,3.8,-0.2,-4.3,54.5,2.7,5.3,X
2023-01-01,112,-10.1,3.3,-0.6,-4.1,52.1,3.8,6.3,X
2023-01-01,114,-3.7,4.5,0,-3.9,51.9,1.1,3.2,O
2023-01-01,115,-0.7,7.1,4.8,3.1,52,3,8,X
2023-01-01,119,-8.8,3.5,-2.1,-6.6,63.1,1.8,4.2,X
2023-01-01,121,-4.7,5.3,0.6,-3.4,49.6,1.6,4.8,O
2023-01-01,127,-5.8,4.8,-2.3,-8.1,61.3,0.9,3.5,O
2023-01-01,129,-7.5,4.7,-1.2,-5.7,64.5,1.2,4.2,X
2023-01-01,130,-7.3,10,2.9,-3.8,38,2.2,4.7,X
2023-01-01,131,-5.2,5.3,-0.3,-4.5,54.1,1.5,3.2,X
2023-01-01,133,-7.1,7,-0.8,-5.2,54.1,1.7,5.2,X
2023-01-01,135,-8.1,4.1,0.7,-2.3,45.1,5.1,8.9,X
2023-01-01,136,-8.8,6.9,0.1,-6.4,51.9,2.1,6.3,O
2023-01-01,137,-5.5,6.9,1.9,-1.4,44.9,2.5,4.2,X
2023-01-01,138,-2.5,8.7,3.9,-0.4,41.6,2.8,6.7,X
2023-01-01,140,-7.5,6,-0.2,-4.5,66.3,1.6,5.6,X
2023-01-01,143,-5.4,7.1,1.7,-3.9,61.4,2.5,6.8,X
2023-01-01,146,-5.6,5.9,0.6,-3,62,1.6,3.1,X
2023-01-01,152,-1.3,8.2,4.2,-0.1,37,2.4,4.6,X
2023-01-01,155,-2.7,7.2,2.4,-3,45.1,1.3,4,X
2023-01-01,156,-3,7,1.3,-2.9,64.6,0.8,2.3,X
2023-01-01,159,-3.4,9.3,4,0.4,43.8,2.1,4.9,X
2023-01-01,162,-4.4,9.2,3.2,-1.6,59.3,1.5,3.6,X
2023-01-01,165,-2.8,6.9,2.7,-0.2,68.9,3.5,9.1,X
2023-01-01,168,-3.2,8.5,4.3,1.1,49.4,5.2,10.4,X
2023-01-01,169,-2.4,8.3,5.9,3.6,65.4,6.9,11,X
2023-01-01,170,-0.1,9,5.3,2.5,59.5,2.3,4.9,X
2023-01-01,172,-7.3,6.5,-0.5,-4.9,70.9,1.7,5.6,X
2023-01-01,184,2.6,10.9,8.1,5.2,61.4,3.8,5.3,X
2023-01-01,192,-6,9.5,0.4,-8,55.4,0.6,2.4,X
2023-01-01,202,-5.8,4.9,-1,-6.2,54.8,1.4,4.3,O
2023-01-01,203,-5.6,5.5,-1.7,-7.7,58.4,1.1,3.1,O
2023-01-01,211,-6.2,5.4,-0.9,-6.5,49.3,1.8,4.3,O
2023-01-01,212,-5.2,4.5,-2.3,-7.6,57.5,0.8,4.2,O
2023-01-01,216,-7.5,2,-2.4,-6.2,43.5,1.2,2.8,O
2023-01-01,217,-8.6,5.4,0.1,-5.4,37,2.2,5.9,O
2023-01-01,221,-8.2,3.6,-2.4,-9.4,61,1.4,6.1,O
2023-01-01,226,-5.4,5,-2.3,-9.3,62.4,1.1,4.3,O
2023-01-01,232,-4.9,4.5,-2.3,-8.8,65,1,3.5,O
2023-01-01,235,-3.5,6,1,-2.2,58.5,1.2,4.9,X
2023-01-01,236,0.7,6.9,-1.3,-6.5,68.5,0.7,3.4,X
2023-01-01,238,-0.2,5.8,-2.5,-8.4,66,0.7,2.9,X
2023-01-01,239,-4.2,6,-0.8,-6,53.3,1.1,5,X
2023-01-01,243,-1.6,5.7,0.4,-3.5,70.9,0.6,2.5,X
2023-01-01,244,-2.6,5.1,-1.8,-8.4,68,0.8,2.9,X
2023-01-01,245,-4.7,4.9,0.5,-3.1,67.3,1.2,3.9,X
2023-01-01,247,-9,5.7,-1.8,-6.9,77.8,1,2.9,X
2023-01-01,248,-10.6,3.8,-2.8,-8.4,67.5,1.3,4.9,X
2023-01-01,252,-2.4,6.9,0.5,-4.5,71.3,1.2,4.9,X
2023-01-01,253,-2.9,8.7,2.7,-2.5,46,1.3,4.2,X
2023-01-01,254,-9.4,5.8,-2,-8.6,72.1,1.4,4.6,X
2023-01-01,257,-4.9,9.5,2.9,-1.9,53,1.6,3.6,X
2023-01-01,259,-1.5,8.8,1.9,-4.2,68.3,1.9,5.2,X
2023-01-01,260,-1.2,8.4,1,-6.7,68.5,1.8,4.8,X
2023-01-01,261,-0.2,8.1,1.5,-4.8,71.1,1.4,4.7,X
2023-01-01,262,-1,8.1,2.1,-4.4,63.8,1.8,6,X
2023-01-01,263,-9.5,9.5,-0.9,-8.4,70.5,0.9,2.7,X
2023-01-01,264,-4.7,7.6,2.8,-3.2,46.9,2.8,5.1,X
2023-01-01,268,-5.7,8,2.5,-3.6,72.6,2.6,6.5,X
2023-01-01,271,-7,5.9,1.6,-4.3,48.6,2.4,6.8,O
2023-01-01,272,-7.3,4.7,1.5,-1.8,45.5,5.1,7.2,O
2023-01-01,273,-7.5,5.9,1.9,-1.7,43.8,4.6,7,X
2023-01-01,276,-6.2,6.7,0.2,-3.8,43.3,3.1,6.5,O
2023-01-01,277,-3.4,8.3,3.2,-1.3,40.4,2.9,7.3,X
2023-01-01,278,-6.3,7.8,-2.5,-10.5,62.3,0.9,4.8,O
2023-01-01,279,0,7.4,0.6,-5.9,51.3,1,3.5,X
2023-01-01,281,-3.9,7.4,2.9,-0.2,44.5,3.4,6.8,X
2023-01-01,283,-4.6,8.3,3.1,-2.7,43.8,2.7,5.4,X
2023-01-01,284,-8,7.6,-1,-8.1,63.1,1.3,4.6,X
2023-01-01,285,4.4,9.3,-0.4,-7.6,64.4,0.4,2.1,X
2023-01-01,288,0.5,9.1,0.4,-7.2,54.4,0.6,2.9,X
2023-01-01,289,-2.4,7.6,3.5,0.2,48.3,2.9,6.1,X
2023-01-01,294,-1.2,8.4,2.9,-1.9,57.6,0.8,2.4,X
2023-01-01,295,-0.5,8.9,4.3,-1.3,56.3,2.1,4.5,X
2023-01-01,433,-8.5,2.2,-1.6,-5.7,43,0.6,2,X
2023-01-01,437,-8.2,3.7,0.3,-3.7,43,2,4.8,X
2023-01-01,438,-6.7,4.1,0.4,-3.6,42,1.4,3.6,X
2023-01-01,444,-4,4,-1,-5.6,52,0.3,1.4,X
2023-01-01,445,-5.5,4.4,-0.1,-3.8,46,1,3.4,X
2023-01-01,504,-11,4.2,-2.8,-8.9,53,1.6,4.7,O
2023-01-01,505,-8.3,3.2,-1.3,-5.6,49,1.6,4.5,O
2023-01-01,516,-9.4,5,-1.9,-7.4,64,1.8,4.3,O
2023-01-01,517,-4.5,7.1,3.4,-0.2,21,4.3,7.5,X
2023-01-01,526,-8.6,4.6,-1.9,-7.8,51,1.2,3.4,O
2023-01-01,532,-8,3.4,-1.9,-5.8,60,1.4,3.8,O
2023-01-01,536,-8.7,6.1,-2.6,-8.1,66,1,3.8,O
2023-01-01,540,-7.8,3.8,-1.2,-5.2,52,1.5,4.7,O
2023-01-01,541,-9,5.6,-2.1,-7.1,56,1.2,2.9,O
2023-01-01,545,-5.4,5.1,-2.4,-9.7,59,0.8,2.9,X
2023-01-01,546,-7,4.6,-1.4,-5.6,49,1,2.6,O
2023-01-01,548,-9.2,4,-1.6,-6.1,61,1.5,3.6,O
2023-01-01,549,-6.4,5.1,-1.6,-6.4,53,1.2,4.1,O
2023-01-01,550,-6.5,4.8,-1.8,-7.4,61,1.3,3.5,X
2023-01-01,551,-7.6,4.6,-0.7,-5.1,57,2.1,4.7,X
2023-01-01,555,-10.7,5.3,-3.7,-9.1,71,1.4,6.6,O
2023-01-01,556,-12.1,4.8,-3.4,-9.5,53,1.8,4.5,O
2023-01-01,565,-7.6,3.9,-2,-7.8,60,1.8,4.5,X
2023-01-01,571,-6.1,3.8,-1.1,-4.5,59,1.1,2.7,X
2023-01-01,572,-5.9,4.2,-0.2,-3.9,43,1.2,4.5,X
2023-01-01,590,-7.5,5,-0.2,-4.8,50,1.9,5.3,X
2023-01-01,598,-9.5,2.6,-4.4,-10.1,65,1.3,5.6,O
2023-01-01,601,0.2,6,-1.2,-5.9,63,0.8,3.1,O
2023-01-01,602,-8.3,5.4,-1.3,-7.9,58,1.8,5.7,O
2023-01-01,603,-9.2,4.7,-3.8,-12.1,61,1.2,3.9,O
2023-01-01,604,-3.2,6,-1.6,-8.2,60,1,3.9,X
2023-01-01,608,-6.5,6.2,-0.4,-3.6,59,1.6,4,X
2023-01-01,612,-8.7,6.4,-2,-7.2,65,0.8,2.8,X
2023-01-01,615,-8,6.7,-1.4,-6.2,68,1.4,4.7,X
2023-01-01,616,-6,4,0.3,-3.2,57,1.8,4.2,X
2023-01-01,618,-0.8,5,-3.4,-8.5,70,0.7,3.6,X
2023-01-01,619,-12.1,3.8,-4.3,-12,64,1.7,4.9,O
2023-01-01,623,-5.4,5,-1.7,-7.8,64,1.5,5.2,O
2023-01-01,627,-4.4,4.9,0.6,-2.8,62,1.1,3.2,X
2023-01-01,628,-6.4,4.5,-0.5,-3.9,59,1.3,3.2,X
2023-01-01,634,-8.5,4,-1,-5.3,63,2.1,5.1,X
2023-01-01,636,-7.2,5.8,-1.8,-8.6,63,1.1,3.8,O
2023-01-01,652,-9.5,3.1,-4.2,-10.3,61,0.8,3.4,O
2023-01-01,670,-4.6,7.7,3.7,0,23,4.7,7.5,X
2023-01-01,699,-5.8,7.4,0.9,-3.5,74,1.6,5.6,X
2023-01-01,701,-6.3,5.3,-2.8,-8.1,70,0.8,3.8,X
2023-01-01,702,-5.7,6.3,0,-4.7,62,1.3,3.9,X
2023-01-01,703,-9.8,4.1,-3.1,-8.9,69,1.1,3.7,X
2023-01-01,706,-7.2,7.4,-0.5,-5.8,79,1.4,4.8,X
2023-01-01,709,-5.8,7,2.4,-3.5,63,4.3,8.1,X
2023-01-01,710,-7.1,7.5,0.1,-5.3,79,1.6,4.9,X
2023-01-01,712,-5.9,9.1,3,-3.1,58,2.4,4.6,X
2023-01-01,713,0.6,9.1,2.4,-4,52,1.5,3.7,X
2023-01-01,730,-4,7.1,-1.1,-6.2,77,0.9,4.2,X
2023-01-01,732,-2.1,6.9,0.2,-6.5,70,1.5,4.4,X
2023-01-01,734,-6.9,7,-0.3,-5.8,68,1.1,4,X
2023-01-01,737,-6.2,5,0.5,-3.2,64,2.3,3.8,X
2023-01-01,741,-8.2,6.5,-0.2,-6.3,72,1.6,5.4,X
2023-01-01,754,-7.2,7.7,0.9,-4.6,75,2.1,5.1,X
2023-01-01,768,-8.6,6.3,-1.3,-7,78,1.1,4.3,X
2023-01-01,789,-6.6,8.6,3.2,-0.9,76,4,7.2,X
2023-01-01,801,-10.9,6.6,-1.2,-7.6,60,1.9,4,O
2023-01-01,810,-4.9,8,-1.6,-10.3,58,1.3,5.9,X
2023-01-01,812,2.5,8.1,-2.2,-9.8,64,0.7,4.3,X
2023-01-01,813,-12.4,7.9,-1.9,-9.9,63,1.4,5.4,X
2023-01-01,815,-4.5,6.9,-0.3,-7.4,50,1.6,4.5,X
2023-01-01,822,-12.5,6,-2.4,-10,59,1.6,4.4,X
2023-01-01,823,-5.5,7.3,-1.7,-10.2,61,1.4,5,O
2023-01-01,825,-6.8,7.3,0.4,-7.1,58,2.3,6.6,X
2023-01-01,827,-6.6,7.3,1.2,-5.4,49,1.2,4.8,X
2023-01-01,876,-1.8,10.4,3.8,-1.1,32,2,5.8,X
2023-01-01,90,-4.8,7.3,3.2,0.3,21.8,3,8.7,X
2023-01-01,907,-2.2,8.9,3.9,-0.6,53,1.8,4.1,X
2023-01-01,918,-9.6,9.3,0.6,-7.7,62,1.6,4.3,X
2023-01-01,919,-2.4,8.6,-0.1,-8.4,59,1.1,5.4,X
2023-01-01,920,-11.3,8.6,-1.4,-10.1,70,0.8,3,X
2023-01-01,93,-9.3,4.6,-3.2,-9,59.5,1.3,5.3,O
2023-01-01,932,-7.1,10.2,2,-5,61,1.2,4.2,X
2023-01-01,95,-5.6,1.9,-4,-11.5,60.3,1.1,3.2,O
2023-01-01,98,-8,3.8,-2.6,-6.5,55.5,1.2,5.3,O
2023-01-01,99,-8.5,2.5,-4.3,-10.7,64.1,0.9,4.5,O
2023-01-02,104,-7.8,4.7,-0.5,-4.4,27,1.4,2.9,X
2023-01-02,106,-3.7,5.1,2,-1.9,23.6,1.6,4.7,X
2023-01-02,108,-11.9,-0.4,-4.5,-7.4,45.9,2.5,4.4,X
2023-01-02,112,-12,-1.8,-4.6,-6.7,45.3,2.9,4.4,X
2023-01-02,114,-6.9,0,-4.6,-8.7,48.6,0.9,2.2,O
2023-01-02,115,-1.9,4.4,2.4,1.3,57.8,2.5,5.7,X
2023-01-02,119,-11.3,-1.7,-5.6,-9.1,54.9,2,4.2,X
2023-01-02,121,-6.8,0.6,-5.2,-10.5,51.6,0.8,2.5,O
2023-01-02,127,-13,0,-6.4,-11.5,53,0.8,2.6,O
2023-01-02,129,-10.5,-0.2,-4.1,-8,61.5,1.8,5.4,X
2023-01-02,130,-6.9,5.9,0.6,-2.7,27.6,2.6,5.3,X
2023-01-02,131,-7.9,0.7,-2.9,-5.3,40.9,1.3,3.3,X
2023-01-02,133,-10.1,2.4,-3,-6.5,40.6,1.9,4,X
2023-01-02,135,-13.2,0.8,-3.2,-6,38,5.2,7.9,X
2023-01-02,136,-9.8,3,-2.7,-6.3,35.3,2.5,4.4,O
2023-01-02,137,-10.6,2.1,-2.3,-5.5,36.9,3,4.9,X
2023-01-02,138,-6.2,6.2,1.6,-1.1,24.1,3.1,6.2,X
2023-01-02,140,-7,2.4,-2.4,-5.8,57.1,1.9,6.4,X
2023-01-02,143,-7.4,4.2,0.4,-1.9,40.1,3.6,6.3,X
2023-01-02,146,-6.3,2,-1.8,-4,53.1,1.5,3.4,X
2023-01-02,152,-5.7,5.5,1.4,-1.3,19.1,2.6,4.8,X
2023-01-02,155,-3.1,4.6,1.3,-0.9,21.1,1.7,5.2,X
2023-01-02,156,-5.6,3.2,-0.2,-2.5,47.4,1.8,2.8,X
2023-01-02,159,-3.7,7.8,3.1,0.5,19.5,2.6,6.7,X
2023-01-02,162,-4,8.6,2.9,-0.4,28.5,2.6,5.9,X
2023-01-02,165,-6.2,2.3,0.7,-1.3,60.4,6,11.2,X
2023-01-02,168,-8.3,4.9,1.7,-1,27.3,8.1,11.8,X
2023-01-02,169,-3.8,5,3.6,2.8,62.5,10.3,12.7,X
2023-01-02,170,-2.5,5,2.2,0.6,52,2.4,4.7,X
2023-01-02,172,-8.9,1.4,-1.7,-3.9,59.1,3.4,6.8,X
2023-01-02,184,-0.5,7.8,5.2,3.7,61.5,4.4,6.3,X
2023-01-02,192,0.8,7,1,-4.3,27.9,1,4,X
2023-01-02,202,-11.6,0.6,-4.2,-8.4,45.1,1.5,3.1,O
2023-01-02,203,-11.7,1.3,-4.1,-9,46.8,1.5,3,O
2023-01-02,211,-8.8,0.6,-6.9,-12.5,57.9,1,3.8,O
2023-01-02,212,-7.4,0.3,-6.9,-12.5,57.1,0.6,2.8,O
2023-01-02,216,-12.9,0.6,-5.6,-10.5,32,0.9,2.6,O
2023-01-02,217,-14,0.2,-6.7,-12.3,47.8,1,3.2,O
2023-01-02,221,-10.6,-1.3,-7.7,-14.3,59.5,1.3,3.6,O
2023-01-02,226,-6.7,0.8,-5.5,-11.1,57.6,1.1,3.5,O
2023-01-02,232,-7.7,0,-4.8,-9.9,54.8,1.1,3.2,O
2023-01-02,235,-6.1,2.1,-2.3,-6.3,54.6,1.2,3.5,X
2023-01-02,236,-5.9,3.1,-2.9,-8.2,57.9,1.2,3.2,X
2023-01-02,238,-4.1,1.5,-4.6,-9.8,60.6,0.8,3.1,X
2023-01-02,239,-7.9,1.9,-3.3,-6.6,40.9,1.2,2.9,X
2023-01-02,243,-6,2.1,-1.7,-5.3,66,1,2.9,X
2023-01-02,244,-6.2,1.3,-3.9,-9.2,59.9,1.2,4.5,X
2023-01-02,245,-7.5,0.4,-2.6,-5.4,61.3,1.4,4.2,X
2023-01-02,247,-9.3,1.8,-3.1,-7.2,55.6,1.3,2.8,X
2023-01-02,248,-11.1,0.3,-5.6,-11.1,59.4,1.3,3.2,X
2023-01-02,252,-5,1.8,-0.7,-3.5,58.8,2.4,5.9,X
2023-01-02,253,-4,6.4,1.7,-1.8,20.3,2.2,5.3,X
2023-01-02,254,-8.2,0.9,-2.5,-7.3,58.9,1.9,4.8,X
2023-01-02,257,-1.9,7.3,3.5,-0.3,19.5,2.4,5.1,X
2023-01-02,259,-5.1,4.9,1.2,-0.7,51.3,3.4,5.3,X
2023-01-02,260,-5.4,4.2,1,-1.3,48.3,3.5,6,X
2023-01-02,261,-4,4.2,1.1,-1.9,56.9,2.4,6,X
2023-01-02,262,-6.9,4.9,0.9,-1.4,40.8,3.1,6.1,X
2023-01-02,263,-9.3,7.2,-0.4,-7.2,43.4,1.3,4.5,X
2023-01-02,264,-8,3.9,-0.5,-4.1,28.8,3.5,6.5,X
2023-01-02,268,-4.4,3.7,2,0.6,57.8,5.3,7.7,X
2023-01-02,271,-10.6,3.2,-3.9,-9.7,51.1,1.4,3.8,O
2023-01-02,272,-13,1.3,-2.8,-5.8,38.3,5.7,8,O
2023-01-02,273,-10.3,2.1,-2.8,-6.6,35.9,2.5,4.8,X
2023-01-02,276,-12.5,3.3,-3.9,-9.8,32.6,2.2,4.9,O
2023-01-02,277,-8.9,4.3,-0.2,-3.7,29.4,3.6,8.4,X
2023-01-02,278,-5.5,3.8,-4.8,-11.2,55.3,0.9,3,O
2023-01-02,279,-6.7,4.1,-0.5,-4.4,30,1.6,3.4,X
2023-01-02,281,-7,4.3,-0.1,-2.8,29,3.5,6,X
2023-01-02,283,-7.3,5.1,0.7,-1.8,24,4.5,8.7,X
2023-01-02,284,-8.6,4.7,-2.3,-6.5,43.4,1.2,3.8,X
2023-01-02,285,3.2,6.2,-1.6,-6.5,43.5,0.3,1.6,X
2023-01-02,288,-0.9,6.1,1,-4.9,22,1.2,3.6,X
2023-01-02,289,-7.2,4.1,0.1,-2.8,28.3,3.4,6.2,X
2023-01-02,294,-1.7,6,2.4,0.2,32.5,1.7,4.3,X
2023-01-02,295,-1.9,6.8,1.6,-3.3,37.5,1.1,2.5,X
2023-01-02,433,-10.6,-2.4,-5.6,-8.2,37,0.8,2.1,X
2023-01-02,437,-9.7,-0.7,-3.8,-5.9,38,1.9,3.3,X
2023-01-02,438,-9.2,-0.1,-3.7,-6.2,37,1.3,3.3,X
2023-01-02,444,-6,-0.5,-5.6,-9.9,48,0.3,1.5,X
2023-01-02,445,-8.5,-0.2,-4.2,-7,40,1.1,2.6,X
2023-01-02,504,-13.6,-0.1,-7.3,-13.1,56,1.3,3.2,O
2023-01-02,505,-13.8,-1.6,-7,-12.1,51,1.4,3.9,O
2023-01-02,516,-12.7,-0.3,-5.5,-10,55,1.7,4.8,O
2023-01-02,517,-8.4,5.6,0.3,-5.6,21,2.6,5.2,X
2023-01-02,526,-11.2,0.7,-8.3,-14.4,55,0.7,2.8,O
2023-01-02,532,-11.9,-1.2,-6,-11,52,1.1,3.5,O
2023-01-02,536,-16.6,0.5,-8,-13.9,66,0.9,3.3,O
2023-01-02,540,-8.7,-0.2,-6.2,-11.1,49,1,3.4,O
2023-01-02,541,-14,0.2,-6.7,-11.4,54,1.2,3,O
2023-01-02,545,-7.7,0.4,-6.1,-13,55,0.7,3.4,X
2023-01-02,546,-8.3,-0.2,-5.5,-10.5,43,1,3.6,O
2023-01-02,548,-12.8,-0.1,-5.1,-9.8,49,1.4,2.7,O
2023-01-02,549,-10,0.6,-5.8,-10.9,52,1.3,2.8,O
2023-01-02,550,-8.6,0.2,-4.9,-10.4,49,1.4,3.2,X
2023-01-02,551,-10.7,-0.5,-4.1,-7.8,48,2,4.6,X
2023-01-02,555,-16.5,0.8,-7.6,-12.8,69,1.3,4.8,O
2023-01-02,556,-19,0.5,-9.2,-15.6,62,1,3.4,O
2023-01-02,565,-13.7,-0.4,-5.4,-11.4,52,1.7,4.4,X
2023-01-02,569,-11.2,0.5,-5.2,-8.5,45,1.4,3.8,X
2023-01-02,571,-8.1,-1.1,-4.6,-7.4,49,1,2.6,X
2023-01-02,572,-8,-0.4,-4.5,-7.6,37,0.8,2.7,X
2023-01-02,590,-11.2,-0.2,-5.4,-9.4,54,1.2,3.7,X
2023-01-02,598,-15.3,-1.2,-8.6,-14,63,1.2,5.1,O
2023-01-02,601,-10.6,1.2,-5.3,-9.7,56,1,2.4,O
2023-01-02,602,-12.1,0,-5.3,-10.4,54,1.6,4.8,O
2023-01-02,603,-17,0.4,-7.8,-14,65,1.1,3.4,O
2023-01-02,604,-6.6,2.4,-3,-8.2,50,1.1,3.2,X
2023-01-02,608,-11.4,2.4,-3.9,-8.2,56,1.4,3.5,X
2023-01-02,612,-6.2,1.7,-3.8,-9.4,55,1.1,3.1,X
2023-01-02,615,-9.3,4,-3.4,-8.8,63,1.1,3.1,X
2023-01-02,616,-8.2,-0.1,-3.8,-6.8,58,1.9,4.5,X
2023-01-02,618,-6.1,1.3,-5.6,-10.9,65,0.6,2.4,X
2023-01-02,619,-17.6,-0.7,-7.8,-13.8,63,2.4,4.6,O
2023-01-02,623,-8.1,1.1,-4.7,-9.8,54,1.4,3.8,O
2023-01-02,627,-5.9,0.5,-2.4,-5.1,58,1.4,4.3,X
2023-01-02,628,-9.9,0.3,-3.9,-7.7,57,1.3,3.5,X
2023-01-02,634,-10.9,-0.4,-4,-8.3,56,2.5,5.4,X
2023-01-02,636,-11.7,1.5,-5.4,-11.1,59,1.3,4.2,O
2023-01-02,652,-9.2,-1.1,-8.6,-13.9,65,0.6,2.8,O
2023-01-02,670,-9.1,5,0.3,-2.8,20,4.6,6.9,X
2023-01-02,699,-5.8,2.8,0,-3.1,62,3,7.1,X
2023-01-02,701,-6.3,1.7,-5.4,-10.2,62,0.9,3.8,X
2023-01-02,702,-7.3,2.2,-2,-5.9,54,1.9,4.8,X
2023-01-02,703,-12.4,0.1,-5.2,-10.2,61,1.5,3.9,X
2023-01-02,706,-7.8,3.6,-1,-6.1,64,2,4.5,X
2023-01-02,709,-7.9,4,0.3,-1.8,45,6.5,10.2,X
2023-01-02,710,-5.5,3.6,-1.2,-5.4,69,2.2,6.1,X
2023-01-02,712,-5,5.9,1.8,-0.7,33,3.1,4.7,X
2023-01-02,713,-3.5,6.5,1.9,-1.6,22,2.2,4.1,X
2023-01-02,730,-7.1,2.9,-1.4,-5,62,1.9,4.1,X
2023-01-02,731,-5.6,4.2,-1.1,-5,71,1.6,6.3,X
2023-01-02,732,-5.5,3,-0.2,-2,49,2.4,4.7,X
2023-01-02,734,-9.4,3.4,-3.6,-8.2,69,1.2,3.9,X
2023-01-02,737,-8.5,1.3,-2.1,-4.6,56,2.1,4.7,X
2023-01-02,741,-5.8,3.7,-0.7,-4.1,51,2.6,5.6,X
2023-01-02,754,-6.4,3.3,-0.2,-3.9,63,3,6.2,X
2023-01-02,768,-7.4,3.2,-1.5,-5.7,54,2.4,4.7,X
2023-01-02,789,-6.2,3.9,1.7,-1.7,61,4.8,8.6,X
2023-01-02,801,-13,3.3,-4.5,-11.4,51,1.6,4.4,O
2023-01-02,810,-8.3,4.9,-1,-7.4,30,2.3,5.4,X
2023-01-02,812,-1.1,5.3,-2.9,-8.2,44,0.8,3.3,X
2023-01-02,813,-11.2,4.6,-1.4,-8.7,33,2.1,4.6,X
2023-01-02,815,-8.1,4.4,-3.5,-10.6,43,1.4,3.4,X
2023-01-02,822,-11.5,2.7,-4.6,-10.5,46,1.8,4.3,X
2023-01-02,823,-13.3,3.7,-4.6,-10.7,54,1.3,4.2,O
2023-01-02,825,-6.8,5,-0.2,-2.9,33,2.1,5.7,X
2023-01-02,827,-5.8,4.1,0.7,-1.5,24,2.6,4.8,X
2023-01-02,876,-6.1,7.2,1.6,-1.9,22,2.4,4.8,X
2023-01-02,90,-7.6,4.2,-0.5,-5.1,24.3,1.4,3.1,X
2023-01-02,907,-4.5,8.2,3.4,-0.4,19,3.1,5.6,X
2023-01-02,918,-6.1,7.4,1.8,-3.2,30,3.1,6,X
2023-01-02,919,-4.6,5.1,0.1,-6.6,32,2.3,4.8,X
2023-01-02,920,-12,6.1,-1.4,-8.8,47,1.4,3.7,X
2023-01-02,93,-10.6,-0.3,-7.7,-14,58.6,0.8,2.3,O
2023-01-02,932,-4.8,6.7,1.5,-3.2,40,1.8,4.2,X
2023-01-02,95,-6,-2.4,-10.2,-15.7,66.8,0.6,2.1,O
2023-01-02,98,-9.1,-0.3,-6.8,-11.6,52.1,0.6,2.4,O
2023-01-02,99,-6.5,-0.7,-8.4,-14.6,60.3,0.5,2.9,O
2023-01-03,104,-7.1,6.8,0.4,-3.6,21.4,2.1,4.3,X
2023-01-03,106,-4.2,7.3,2.4,-1.6,18.3,2.6,5.5,X
2023-01-03,108,-13,0.6,-5,-9,49,1.8,3.9,X
2023-01-03,112,-13.2,-1.3,-4.6,-8.4,44.6,2,4.2,X
2023-01-03,114,-6.8,0,-6,-11.6,57.3,0.7,2.1,O
2023-01-03,115,-1.5,5.3,3.1,1.4,53.9,2.3,5,X
2023-01-03,119,-12.8,-0.2,-6.3,-11.4,62.8,1.4,4,X
2023-01-03,121,-5.9,0.8,-6.7,-13.8,58.3,0.7,2.9,O
2023-01-03,127,-8.1,0.5,-7.8,-14,60.1,0.8,2.8,O
2023-01-03,129,-11.2,1.6,-4.8,-10.2,70.4,1.3,4.8,X
2023-01-03,130,-8.3,7.7,0.9,-3.1,23.1,3.5,5.4,X
2023-01-03,131,-4.9,1.7,-3.3,-8,52.8,0.8,3.2,X
2023-01-03,133,-11.5,3.4,-3.5,-9,55,1.6,4,X
2023-01-03,135,-12.1,0.8,-3.8,-8.7,51.8,3.9,7.8,X
2023-01-03,136,-9.9,3.4,-3.7,-11.4,43.4,1.8,5.3,O
2023-01-03,137,-11.6,2.7,-2.3,-5.7,45.1,3,4.8,X
2023-01-03,138,-9.5,6.3,0.6,-3.4,30.9,3.8,6.6,X
2023-01-03,140,-6.6,3.4,-3.3,-8.4,67.8,1.4,5.5,X
2023-01-03,143,-8.4,4.6,-0.3,-3.5,49.4,3.4,5.6,X
2023-01-03,146,-10.7,2.9,-2.1,-7.2,65.5,1.6,3.4,X
2023-01-03,152,-7,5.8,0.9,-3.9,23,2.3,4,X
2023-01-03,155,-5.9,4.9,0.4,-2.7,30.8,1.7,4.4,X
2023-01-03,156,-6.4,4.8,0.2,-3.2,57,1.6,3.7,X
2023-01-03,159,-6.8,6.8,1.5,-1.7,28.3,2.9,6.1,X
2023-01-03,162,-5.9,8.2,1.8,-2.3,38.9,2.1,4.1,X
2023-01-03,165,-5.1,4.1,0.9,-0.8,67.8,4.2,8.6,X
2023-01-03,168,-9.1,5.2,1.1,-1.4,42.9,8.4,12.5,X
2023-01-03,169,-3.4,6.1,3.9,2.9,59,8.4,12.4,X
2023-01-03,170,-2.4,6.4,2.7,0.5,61.9,2,4.9,X
2023-01-03,172,-8.7,3.1,-1.4,-5.3,63.9,2.6,4.6,X
2023-01-03,184,0.5,8.5,6.2,4.5,60.1,4.6,6.2,X
2023-01-03,192,0.4,7.3,-1.4,-7.1,44.9,0.6,2.6,X
2023-01-03,202,-8.3,1.3,-6.5,-12.9,59,1,2.9,O
2023-01-03,203,-16.4,1.7,-6.2,-14.3,59.1,0.8,2.6,O
2023-01-03,211,-9.9,0.8,-7.9,-14.2,60.9,0.9,3.9,O
2023-01-03,212,-5.7,0.4,-8,-14.8,61,0.5,2.1,O
2023-01-03,216,-12.2,-0.1,-5,-8.7,25,1.3,3.4,O
2023-01-03,217,-15.2,-0.1,-7.6,-14.7,49.6,1.4,4.6,O
2023-01-03,221,-15.4,-1,-9.6,-16.9,68.5,0.9,3.8,O
2023-01-03,226,-8.2,1.3,-6,-13.6,62.9,1.1,4.5,O
2023-01-03,232,-9.7,1.5,-6.3,-13.6,66.5,0.9,3,O
2023-01-03,235,-8.2,3.3,-2.4,-6.1,61.4,0.8,2,X
2023-01-03,236,-3.4,4.1,-4.1,-10.3,69.8,0.6,3,X
2023-01-03,238,-6,2.8,-4.6,-12.2,64.5,0.8,2.8,X
2023-01-03,239,-10.4,2.6,-3.7,-9.3,54.8,1,3.4,X
2023-01-03,243,-4.6,3.3,-2.3,-7.4,71.5,0.8,2.3,X
2023-01-03,244,-3.3,2.8,-5.3,-12.3,75.6,0.7,4.2,X
2023-01-03,245,-6,2,-3,-7.8,69.1,1.1,3.9,X
2023-01-03,247,-15.1,2.8,-4.3,-9.9,71.9,1.6,2.9,X
2023-01-03,248,-5.7,0.9,-7.4,-14.4,74.4,0.9,4.3,X
2023-01-03,252,-5.1,4.8,-0.6,-4.2,65.9,1.4,4.1,X
2023-01-03,253,-8,6.2,0.2,-3.5,31.9,2.7,5.7,X
2023-01-03,254,-13,2.5,-4.3,-11.1,75.5,1.5,5.5,X
2023-01-03,257,-3.4,7.7,2.3,-1.7,26.9,2.2,4.9,X
2023-01-03,259,-4.8,6.9,1.8,-1,59.8,3,5.6,X
2023-01-03,260,-5,6.3,1.1,-1.9,58.9,2.7,5.6,X
2023-01-03,261,-4.6,5.8,0.8,-2.3,68.6,1.8,6,X
2023-01-03,262,-5.3,5.6,0.5,-4.8,57.1,2.2,5.9,X
2023-01-03,263,-11.3,8.2,-1.7,-8.6,52.4,1.5,4.5,X
2023-01-03,264,-9,4.5,-0.3,-4.6,39,3.8,6.1,X
2023-01-03,268,-3.5,5.4,2,-1.5,68,3.2,6.3,X
2023-01-03,271,-9.7,2.3,-5.8,-13.6,57.9,1.1,5,O
2023-01-03,272,-14.6,1.2,-3.9,-10,42.8,4.5,7.8,O
2023-01-03,273,-11.3,1.9,-2.8,-7.7,38.3,3,5.1,X
2023-01-03,276,-11.2,3.2,-5.5,-14.9,41.1,2,5.3,O
2023-01-03,277,-9.5,4.3,-0.7,-5.5,30.6,3.9,10.4,X
2023-01-03,278,-3.1,4.2,-5.9,-13.7,59.4,0.9,4.6,O
2023-01-03,279,-7.4,4.4,-0.9,-5.3,40.1,1.5,3.3,X
2023-01-03,281,-10.6,4.5,-0.7,-4.5,37.9,4.1,6,X
2023-01-03,283,-9.4,5.5,-0.7,-6.3,33,4,7.8,X
2023-01-03,284,-12.1,5.1,-3.3,-11,57.4,1,2.9,X
2023-01-03,285,0.5,6.5,-2.3,-9.3,54.9,0.5,2.1,X
2023-01-03,288,-1,6.6,-1.7,-7,42.3,0.8,3.3,X
2023-01-03,289,-8.7,4.6,-0.6,-5.1,43,3.3,6.2,X
2023-01-03,294,-3.9,5.4,1.4,-1,40.9,1.4,3.1,X
2023-01-03,295,-4.6,6.1,0.6,-4.5,49.4,1.3,3.9,X
2023-01-03,433,-10.5,-1.7,-5.9,-9.9,41,0.4,1.9,X
2023-01-03,437,-10.1,0.5,-3.6,-7.8,42,1.1,3.4,X
2023-01-03,438,-8.4,1.1,-4.1,-8.4,42,0.9,3.6,X
2023-01-03,445,-13.7,1.2,-5.2,-10.9,47,1,3.1,X
2023-01-03,504,-10.5,0.2,-8.2,-14.7,61,1,4.1,O
2023-01-03,505,-19.2,-0.9,-8.8,-15.8,60,0.9,3.6,O
2023-01-03,516,-15.6,0.9,-6.5,-12.5,64,1.1,4.4,O
2023-01-03,517,-9.3,4.7,0.4,-5.3,18,3,6.1,X
2023-01-03,526,-12.1,0.7,-9.9,-17,60,0.7,3.3,O
2023-01-03,532,-14.7,-0.4,-7,-13.3,60,0.8,3,O
2023-01-03,536,-16.2,-0.1,-9,-15.7,67,1,3.8,O
2023-01-03,540,-5.4,0.5,-7,-12.5,54,0.8,3.4,O
2023-01-03,541,-16.4,1.8,-7.1,-13.2,55,1.1,3.3,O
2023-01-03,545,-4.5,1.5,-7.5,-14.8,69,0.4,2.6,X
2023-01-03,546,-15.2,0.8,-6.7,-12.4,48,0.9,3.7,O
2023-01-03,548,-17.4,-0.2,-6.4,-13.1,60,1.4,2.4,O
2023-01-03,549,-5,1.4,-6.8,-13,59,1,2.9,O
2023-01-03,550,-10.4,1.6,-5.9,-12.4,57,0.9,2.9,X
2023-01-03,551,-13.5,1,-4.7,-10.5,59,1.6,4.7,X
2023-01-03,555,-18.1,0.8,-8.8,-15.3,71,1.2,3.6,O
2023-01-03,556,-14.4,0.4,-9.8,-17.6,59,1.1,4,O
2023-01-03,565,-7.2,0.9,-7,-13.3,67,0.9,3.9,X
2023-01-03,569,-13,1.2,-5.4,-10.3,49,1.3,3.3,X
2023-01-03,571,-7.1,0.5,-5.3,-9.7,58,0.6,2.3,X
2023-01-03,572,-4.1,0.6,-5.5,-10.5,43,0.6,2.6,X
2023-01-03,590,-12.2,1.2,-5.8,-12.3,54,1.1,3.7,X
2023-01-03,598,-8.4,-1.1,-8.9,-15.4,67,0.9,3.5,O
2023-01-03,601,-8.8,1.5,-6.8,-13.5,64,0.7,2.4,O
2023-01-03,602,-13.3,1.5,-5.9,-12.8,59,0.9,4.3,O
2023-01-03,603,-7,1,-8.3,-16.1,67,0.9,3.5,O
2023-01-03,604,-5.1,2.8,-4.5,-11.7,66,0.7,3.2,X
2023-01-03,608,-12.3,2.5,-4.4,-9.5,62,1.3,3.1,X
2023-01-03,612,-5.7,3,-4.9,-12,67,0.6,3.4,X
2023-01-03,615,-12.4,4.3,-4.1,-10,71,1.2,3.8,X
2023-01-03,616,-9.3,2,-4.5,-9.4,68,1.1,3.8,X
2023-01-03,618,-2.2,2.3,-6.3,-12.9,74,0.4,1.9,X
2023-01-03,619,-18.8,-0.1,-8.6,-16.2,66,1.8,5.3,O
2023-01-03,623,-8.4,1.8,-5.5,-12.1,61,1.1,3.5,O
2023-01-03,627,-6.1,2.4,-3,-7.2,64,1,4.1,X
2023-01-03,628,-12.5,1.7,-4.6,-9.6,70,1.1,2.5,X
2023-01-03,634,-13.7,0.3,-5.1,-10.2,73,1.6,5.3,X
2023-01-03,636,-7.7,2.6,-5.3,-12.5,66,1.3,4.5,O
2023-01-03,652,-7.9,-0.7,-9.1,-15.7,64,0.7,3.1,O
2023-01-03,670,-8.1,4.5,0,-3.1,19,5,7.5,X
2023-01-03,699,-4.8,5.6,0.3,-2.8,69,2,5.4,X
2023-01-03,701,-15.8,2.3,-5.9,-12.6,71,1.2,4.2,X
2023-01-03,702,-10.4,3.4,-2.6,-8.3,65,1.6,4.3,X
2023-01-03,703,-11.7,1.4,-6.5,-13.5,75,1.2,4,X
2023-01-03,706,-8.9,5.6,-2.2,-7.7,81,1.4,4.8,X
2023-01-03,709,-8.7,4.9,0.5,-4.1,57,5.6,9.2,X
2023-01-03,710,-9.7,5.3,-1.6,-7.2,78,1.8,5.5,X
2023-01-03,712,-5.3,6.4,1.1,-3.4,50,2.8,5,X
2023-01-03,713,-4.3,6.3,1.3,-1.3,35,2.2,3.9,X
2023-01-03,730,-7.2,4.8,-2.2,-7.4,76,1.2,3.7,X
2023-01-03,731,-7,6.3,-0.2,-5.7,77,1.4,5.2,X
2023-01-03,732,-6,4.3,-0.1,-3.7,61,2.4,5.8,X
2023-01-03,734,-12.6,4.5,-3.4,-8.3,74,1.5,3.9,X
2023-01-03,737,-12.5,2.3,-2.4,-7.5,66,1.1,4.5,X
2023-01-03,741,-9.5,4.4,-1.7,-6.9,70,1.9,6,X
2023-01-03,754,-9.1,5.4,-0.1,-5.3,71,2.3,6.6,X
2023-01-03,768,-5.9,4,-2.8,-9.6,74,1.5,5,X
2023-01-03,789,-8.5,5.9,1.5,-2.5,75,3.3,6.7,X
2023-01-03,801,-16,3,-6,-14.7,55,1.5,3.9,O
2023-01-03,810,-13.6,5.1,-3.2,-11.2,49,2.1,5.6,X
2023-01-03,812,-1.2,5.5,-4.5,-11.7,53,0.6,3.4,X
2023-01-03,813,-13.9,5.2,-3.7,-11.2,53,1.3,4.2,X
2023-01-03,815,-7.6,4,-4.8,-12.5,49,1.1,3.6,X
2023-01-03,822,-17.1,2.8,-6.7,-15.1,60,1.2,4,O
2023-01-03,823,-13.4,4,-5.1,-13.4,59,1.3,3.9,O
2023-01-03,825,-8.1,4.7,-0.7,-6,45,2.6,5,X
2023-01-03,827,-7.9,4.7,0.1,-3.2,33,2.4,4.4,X
2023-01-03,876,-6.9,8.6,1.9,-1.5,18,3.3,5.6,X
2023-01-03,90,-6.4,5.6,0,-5.1,18.3,1.9,6.9,X
2023-01-03,907,-5.7,6.4,1.8,-1.5,34,3,4.9,X
2023-01-03,918,-8.3,7.3,0,-5.8,43,2.2,4.9,X
2023-01-03,919,-7.2,5.4,-1.9,-7.5,50,1.4,4.5,X
2023-01-03,920,-11.7,6.5,-3.2,-10.4,58,0.9,3.1,X
2023-01-03,93,-6.1,0,-8.8,-15.7,61.5,0.6,3.1,O
2023-01-03,932,-8.1,7.5,0.3,-5.4,52,1.6,4.8,X
2023-01-03,95,-6.3,-1.7,-10.6,-18,66.5,0.6,2.4,O
2023-01-03,98,-7.6,-0.5,-7.6,-13.5,54.8,0.5,2.9,O
2023-01-03,99,-5.3,-0.5,-9,-16.7,63.3,0.4,3.1,O
2023-01-04,104,-6.2,5.6,0.8,-2.8,19.4,2,6.3,X
2023-01-04,106,-3.8,7.4,2.7,-1.1,18,1.8,4.5,X
2023-01-04,108,-9.1,3.3,-1.8,-5.7,51.4,1.9,4.2,X
2023-01-04,112,-7.9,1.9,-1.5,-4.4,51.3,1.7,3.9,X
2023-01-04,114,-12.7,2.6,-4.8,-10.5,56.6,0.6,2.3,O
2023-01-04,115,-3.1,4.3,2.5,1.3,53.1,2.7,6.1,X
2023-01-04,119,-11.5,2.5,-3.1,-9.2,70.9,1.2,3.7,X
2023-01-04,121,-5.2,3.3,-5.1,-12.6,57.4,0.7,3.1,O
2023-01-04,127,-7.9,2.7,-5.5,-11.9,66.4,0.7,2.2,O
2023-01-04,129,-8.2,4.7,-1.5,-8.3,71.1,1,3.7,X
2023-01-04,130,-8.3,6.3,1,-3.2,26,3,4.6,X
2023-01-04,131,-8.2,4.4,-1.4,-7,51.9,0.7,2.7,X
2023-01-04,133,-10.1,5.5,-1.5,-7.1,53.3,1.4,5.5,X
2023-01-04,135,-11.5,3.9,-1.4,-5.4,49.3,3.3,6.8,X
2023-01-04,136,-13.5,4.9,-2.6,-10.8,45.8,1.9,4.8,O
2023-01-04,137,-9.1,5,-0.4,-5.5,43.9,2.2,4.5,X
2023-01-04,138,-7.6,6.8,1.7,-3.2,36.5,2.8,5.3,X
2023-01-04,140,-9.5,5.7,-0.7,-5.9,70.1,1.3,3.9,X
2023-01-04,143,-7.8,6.5,1.1,-3.5,55.8,2.8,5.6,X
2023-01-04,146,-8.2,5.6,0,-5.4,66,1.5,3.7,X
2023-01-04,152,-6.6,7,1.6,-3.9,35.6,2.5,6.2,X
2023-01-04,155,-7.6,8,1.8,-3.7,36.1,1.7,4.9,X
2023-01-04,156,-7.5,5.4,0.4,-4.1,62.4,0.6,3.1,X
2023-01-04,159,-6.7,8.5,2.6,-2,39.5,2.6,5.1,X
2023-01-04,162,-6.6,8.5,2.8,-2.4,49.3,2.5,6.4,X
2023-01-04,165,-6.4,6.2,1.6,-3.2,64.6,2.3,5.3,X
2023-01-04,168,-7.6,7.5,2.8,-1.7,47.9,4.7,9.6,X
2023-01-04,169,-2.2,7.4,4.9,2.8,66.5,3.7,7.4,X
2023-01-04,170,-2.8,7.7,3.3,-1.5,64.4,1.5,3.6,X
2023-01-04,172,-9,5.9,-0.7,-6.2,69.9,1.5,5.2,X
2023-01-04,184,1.3,9.9,6.2,4.1,63.4,2.6,5.5,X
2023-01-04,192,2.1,8.5,-0.9,-7.4,53.5,0.7,3.1,X
2023-01-04,202,-8.8,3.6,-4.3,-10.1,58,0.8,3.5,O
2023-01-04,203,-9,3.9,-3.8,-10.8,63.4,0.8,2.1,O
2023-01-04,211,-5.7,2.4,-7.6,-14.4,61.3,0.8,3.5,O
2023-01-04,212,-2.8,2.5,-7.2,-14.4,60.3,0.5,2.6,O
2023-01-04,216,-10.9,-0.9,-5.5,-9.3,33.3,1,3.3,O
2023-01-04,217,-13.7,2.2,-6.5,-14.1,44.4,1.1,4.2,O
2023-01-04,221,-3.6,1.8,-8,-14.9,67.9,0.8,3.5,O
2023-01-04,226,-1.5,3.8,-4.3,-11.4,67.6,0.8,4.1,X
2023-01-04,232,-0.4,4,-3.9,-11.1,69.1,0.7,3.6,X
2023-01-04,235,-6.6,5.5,0,-5.1,64.5,0.7,1.8,X
2023-01-04,236,2,6.5,-1.6,-7.9,69.8,0.6,3.6,X
2023-01-04,238,-2.8,4.8,-3.2,-9.9,70,0.8,3.8,X
2023-01-04,239,-1.7,5.1,-1.8,-7.4,56.1,0.8,3.9,X
2023-01-04,243,-6,5.6,-0.5,-5.7,75.6,0.5,2,X
2023-01-04,244,0.5,4.7,-3.3,-10.1,78.8,0.6,3.3,X
2023-01-04,245,-8.3,4.7,-1.2,-7,72.5,0.6,2.4,X
2023-01-04,247,-12.1,5.1,-2.8,-8.6,75.4,1.3,3.9,X
2023-01-04,248,-7.4,3.1,-5.1,-12.7,73,1.1,6.1,X
2023-01-04,252,-6.9,6.3,-0.5,-6,73.1,0.9,3.2,X
2023-01-04,253,-5.8,8.1,1.6,-3.4,40.4,1.8,4.6,X
2023-01-04,254,-12.5,4.6,-3.1,-10.2,78.9,1.1,5.2,X
2023-01-04,257,-5.3,9,2.5,-2.4,42.4,2,6.4,X
2023-01-04,259,-4.9,7.8,0.9,-5.2,66.6,1.4,4.4,X
2023-01-04,260,-5.6,6.9,0,-7.4,65.6,1.6,6.2,X
2023-01-04,261,-6,7.6,0.1,-6.4,74,1.1,5.1,X
2023-01-04,262,-5.5,7,0.7,-4.8,60.5,1.9,5.4,X
2023-01-04,263,-11.9,9.8,-1.4,-9.1,59.3,1.7,6.2,X
2023-01-04,264,-7.9,6.1,-0.6,-6.3,53.6,2.6,6.5,X
2023-01-04,268,-6.9,6.9,0.8,-5.2,71.9,1.7,4.8,X
2023-01-04,271,-12.4,3.3,-4.3,-10.1,52.9,2.1,6.2,O
2023-01-04,272,-11.9,2.6,-1.5,-8.6,47.1,4.2,8.5,O
2023-01-04,273,-9.7,3.9,-0.9,-7,53,2.8,5.6,X
2023-01-04,276,-11.8,4.5,-4.5,-13.2,45.5,1.7,5.2,O
2023-01-04,277,-8.9,5.7,0.6,-3.5,33.3,3.8,8.1,X
2023-01-04,278,-5.4,5.6,-4.6,-12.8,63.4,0.9,4.2,O
2023-01-04,279,-4.8,6.7,-0.7,-6,46.6,0.8,2.6,X
2023-01-04,281,-8.5,6,-0.1,-4.1,45.1,2.9,6.3,X
2023-01-04,283,-8.1,6.5,0.2,-5,43.5,3.1,6.9,X
2023-01-04,284,-11.7,6.8,-1.9,-9,59.6,1.5,5.3,X
2023-01-04,285,6.5,8.7,-1.3,-8.5,61.1,0.4,2.6,X
2023-01-04,288,-4.5,8.2,0.8,-6.2,39.9,0.9,3.8,X
2023-01-04,289,-7.5,6.7,0.2,-4.3,51.6,2.2,6.5,X
2023-01-04,294,-4.2,7.7,2.4,-2.5,48.3,1.3,4,X
2023-01-04,295,-5.7,8.1,1.7,-3.4,55.1,1.4,4.7,X
2023-01-04,433,-2.7,1.3,-2.9,-7.2,46,0.3,2.2,X
2023-01-04,437,-0.4,3.5,-0.7,-4.5,45,0.7,2.9,X
2023-01-04,438,-2,3.6,-1.4,-5.9,49,0.7,3.6,X
2023-01-04,445,-10.5,3.4,-2.6,-8.1,53,1,2.8,X
2023-01-04,504,-14.9,3,-6.7,-13.1,62,0.9,2.6,O
2023-01-04,505,-5.4,2,-7.1,-14.4,61,0.7,3.5,O
2023-01-04,516,-12.4,3.7,-3.5,-9.8,68,1.1,4.4,X
2023-01-04,517,-6.6,5.3,1,-1.9,15,3.2,5.1,X
2023-01-04,526,-6,2.4,-9.1,-16.1,60,0.6,3.2,O
2023-01-04,532,-2.7,2,-4.6,-10.2,59,0.7,3.3,O
2023-01-04,536,-16.4,3.2,-7.7,-15,66,0.8,3.2,O
2023-01-04,540,-2.1,3.4,-3.6,-9.1,52,0.7,3.4,O
2023-01-04,541,-12.1,4.1,-4.8,-11.1,55,1,3.1,O
2023-01-04,545,2,4.5,-4.6,-11.9,76,0.3,2.4,X
2023-01-04,546,-11.7,3.3,-4.1,-9.8,50,1,3.3,O
2023-01-04,548,-14.1,2.4,-4.3,-10.2,62,1.2,2.1,O
2023-01-04,549,-1.6,3.8,-3.8,-10.4,61,0.9,2.8,O
2023-01-04,550,-2.8,4,-3,-9.9,68,0.8,3.1,X
2023-01-04,551,-10.1,4.1,-2.1,-8.5,66,1.4,3.4,X
2023-01-04,555,-17.9,2.7,-7.8,-14.9,72,0.9,2.6,O
2023-01-04,556,-21.1,2,-9.4,-17.7,59,1.1,4.2,O
2023-01-04,565,-4.7,3.5,-4,-10.5,69,1,4.2,X
2023-01-04,569,-10.7,3.8,-2.9,-8.7,49,1.1,3.1,X
2023-01-04,571,-7.5,3.1,-1.9,-6.7,65,0.8,2.6,X
2023-01-04,572,0,3.4,-2.7,-8.7,46,0.5,2.7,X
2023-01-04,590,-4.7,3.9,-3.4,-10.1,63,0.8,3.1,X
2023-01-04,598,-15.5,1.8,-6.7,-12.5,68,0.9,3.3,O
2023-01-04,601,-13.2,3.6,-4.9,-11.2,64,0.8,2.6,O
2023-01-04,602,-13.2,4.2,-3.4,-10.1,65,1.1,4.6,X
2023-01-04,603,-6.2,3,-6.2,-13.7,73,0.8,3.7,O
2023-01-04,604,0.8,5.4,-3.1,-9.2,69,0.6,3.6,X
2023-01-04,608,-6.6,5.3,-1.9,-7.5,65,1.1,3.2,X
2023-01-04,612,-0.8,5.2,-2.6,-9.3,67,0.6,3.4,X
2023-01-04,615,-10.3,6.6,-2,-8.1,72,0.8,2.4,X
2023-01-04,616,-8.1,4.8,-1.7,-6.9,71,1,3,X
2023-01-04,618,0.2,4.8,-3.5,-10.5,76,0.4,2,X
2023-01-04,619,-16.1,2.2,-6.4,-13.7,73,1.6,5.2,O
2023-01-04,623,-12.6,4.3,-3.7,-10.3,69,0.7,3.7,X
2023-01-04,627,-4.5,4.8,-0.2,-4.9,69,1.2,3.1,X
2023-01-04,628,-9.7,4.6,-1.9,-6.6,72,1,3,X
2023-01-04,634,-11,3.8,-2.6,-7.8,74,1.3,4.8,X
2023-01-04,636,-12.2,4.9,-3.6,-10.8,74,0.9,3.6,X
2023-01-04,652,-5.7,1.6,-7.6,-14.3,66,0.6,2.4,O
2023-01-04,670,-7.8,4.8,1.3,-1.7,15,4.5,7.4,X
2023-01-04,699,-8.8,6.9,0,-6.1,70,1.2,3.9,X
2023-01-04,701,-4.5,4.8,-3.5,-10.2,69,1.1,5.6,X
2023-01-04,702,-8.3,5.7,-0.9,-6.3,71,1.4,4.5,X
2023-01-04,703,-13.5,3,-4,-11.5,77,1.3,4,X
2023-01-04,706,-11,5,-2,-7.3,84,1.1,3,X
2023-01-04,709,-8.6,6.8,0.2,-4.9,67,3.5,8.5,X
2023-01-04,710,-9.6,6.6,-1.8,-8,83,0.9,4,X
2023-01-04,712,-6.7,8.7,1.4,-4.3,59,1.5,4.3,X
2023-01-04,713,-4.1,8.3,1.5,-3.9,47,1.5,4.1,X
2023-01-04,730,-6.2,5,-2,-7.5,79,0.7,2.6,X
2023-01-04,731,-7.8,7.1,-0.9,-6.6,80,0.5,4.3,X
2023-01-04,732,-7.9,5.8,-1,-7.7,69,1.5,5.6,X
2023-01-04,734,-10.5,6.3,-1.1,-7.9,74,1.5,4,X
2023-01-04,737,-9.9,5.1,-0.5,-5.6,72,0.7,3.7,X
2023-01-04,741,-9.9,5.9,-1.3,-7.7,72,1.2,4.4,X
2023-01-04,754,-9.7,6.8,-0.8,-6.8,75,1.6,4.1,X
2023-01-04,768,-8.5,5.4,-2.1,-8.1,79,1.2,4.7,X
2023-01-04,789,-11.1,7.3,1.3,-4.4,79,2.8,6.1,X
2023-01-04,801,-14.5,3.8,-5.2,-13.3,57,1.5,4.8,O
2023-01-04,810,-11.2,7.7,-2.3,-10,52,1.4,5.7,X
2023-01-04,812,4.1,7.6,-3,-10.9,56,0.6,3.1,X
2023-01-04,813,-12.3,6.8,-1.3,-9.3,51,2,6,X
2023-01-04,815,-4.6,4.8,-4.4,-11.3,59,1,3.9,X
2023-01-04,822,-10.8,5.3,-4.7,-12.3,61,1,4.1,O
2023-01-04,823,-11.9,5.7,-4.3,-11.8,64,1.2,4.7,O
2023-01-04,825,-9,7.3,-1.1,-7.6,55,1.6,5,X
2023-01-04,827,-6.6,6.8,0.4,-4.2,42,1.6,4.4,X
2023-01-04,876,-6.2,7.7,2.2,-1.5,17,2.5,5.6,X
2023-01-04,90,-5.6,5,0.7,-2.7,15.6,2.1,5.4,X
2023-01-04,907,-5.5,8.7,3.1,-2,42,3,7,X
2023-01-04,918,-9.8,8.7,0.8,-6,51,2,5.8,X
2023-01-04,919,-8.3,7.6,-0.5,-7.8,52,1.2,3.6,X
2023-01-04,920,-10.2,8.6,-2.9,-11.1,68,1.1,5.6,X
2023-01-04,93,-0.7,2,-7.8,-15.4,61.3,0.5,1.7,O
2023-01-04,932,-8.6,8.4,-0.1,-6.8,65,1.4,4.9,X
2023-01-04,95,-2.5,0.7,-9.6,-17.6,66.6,0.4,2,O
2023-01-04,98,-1.3,2.8,-5,-11.4,55,0.2,2.4,O
2023-01-04,99,-10.6,2.2,-6.6,-13.7,64.1,0.4,1.9,O
2023-01-05,104,-4.5,8.2,2.2,-3.1,30.9,1.5,3.8,X
2023-01-05,106,-2,8.6,3.9,0.4,30.1,2.4,4.5,X
2023-01-05,108,-9.7,3.6,-1.6,-5.6,58.1,1.6,3.2,X
2023-01-05,112,-7.3,1.3,-1.6,-3.7,67.4,1.3,2.7,X
2023-01-05,114,-0.4,3,-3.7,-9.5,64.8,0.6,2.5,O
2023-01-05,115,-1.5,5.9,3.4,1.6,54.9,1.8,3.9,X
2023-01-05,119,-11.3,2.1,-3.6,-9,80.1,0.8,1.9,X
2023-01-05,121,-0.8,3.8,-4.3,-11.9,70.4,0.5,3,O
2023-01-05,129,-9,4.8,-1.3,-6.7,73.9,1,2.6,X
2023-01-05,130,-5.5,8.4,2.7,-2,36.1,2.7,4.7,X
2023-01-05,131,-0.8,3.4,-1,-5.7,64.1,0.3,2,X
2023-01-05,133,-7.9,5.6,-1.1,-5.6,66.1,1,3.4,X
2023-01-05,135,-10,4.3,-1.7,-8,68.3,1.7,5.3,X
2023-01-05,136,-3.6,5.1,-2.3,-10.2,62.6,1.1,4.5,O
2023-01-05,137,-7.7,6.1,-1.2,-7.7,65.1,1.1,3.7,X
2023-01-05,138,-3.9,8.4,3.3,-1.2,42.9,2.7,6.8,X
2023-01-05,140,-4.5,6.7,1,-4.2,75.4,0.8,2.9,X
2023-01-05,143,-7.1,7.3,0.6,-5.2,70.8,1.3,3.8,X
2023-01-05,146,-4.9,7.7,2.4,-2.6,70.3,1.1,2.4,X
2023-01-05,152,-3.4,8.1,3.4,-1.3,45.8,2.5,5,X
2023-01-05,155,-3.8,7.6,2.4,-2.5,51.5,0.8,3.5,X
2023-01-05,159,-2.4,9.4,4.6,1.1,47.1,2.1,4.2,X
2023-01-05,162,-4.3,9,3.5,-1.2,66.5,1.4,2.8,X
2023-01-05,165,-2.7,8.3,4,0.6,75.8,1.7,3.8,X
2023-01-05,168,-2.8,8.4,4.4,1.4,60.9,2.9,6.2,X
2023-01-05,169,1.4,10.5,7.5,3.6,73.5,2.6,5.9,X
2023-01-05,170,-0.1,9.7,4.3,0,75.8,0.8,3.7,X
2023-01-05,172,-4.9,9.1,1.8,-3,76.1,1.3,4.8,X
2023-01-05,184,1.8,13.4,8,4.2,65.1,2.6,4.4,X
2023-01-05,192,1.5,8.7,-0.5,-6.9,66.8,0.4,1.6,X
2023-01-05,202,-1.3,2.4,-4.7,-10.3,72.1,0.5,2.9,O
2023-01-05,203,-10.1,2.3,-5.3,-10.6,80.5,0.4,1.5,O
2023-01-05,211,-3,3.8,-6,-13.2,62.4,0.7,3.1,O
2023-01-05,212,-2.7,3.8,-5.8,-12.9,65.1,0.5,2.7,O
2023-01-05,216,-10.9,1.6,-3.8,-9.7,47.6,1.1,2.8,O
2023-01-05,217,-13.5,3.3,-5.7,-13.1,58.5,0.7,2.7,O
2023-01-05,221,-2.8,2.6,-7.1,-14.6,79.6,0.7,3.9,O
2023-01-05,226,0.1,4.3,-4.1,-10.7,79.9,0.6,2.9,X
2023-01-05,232,-1.6,3.4,-3.7,-10,82.6,0.4,2.1,X
2023-01-05,235,-4.9,7.2,1.4,-2.9,65.5,1.1,2.5,X
2023-01-05,236,-0.1,6.5,-0.8,-6.5,77.6,0.6,3,X
2023-01-05,238,2,5.9,-2.4,-8,80.3,0.5,2.8,X
2023-01-05,239,-2.7,4,-1.5,-6.2,68.5,0.5,1.7,X
2023-01-05,243,-3.6,7.2,1.7,-2.6,79,0.5,1.8,X
2023-01-05,244,4,7.1,-0.7,-7.6,79.1,0.4,2.2,X
2023-01-05,245,-4.7,7,1.3,-2.9,76.1,0.6,1.9,X
2023-01-05,247,-8.7,6.7,-0.4,-5.8,76.9,1.2,2.7,X
2023-01-05,248,0.2,5.1,-2.8,-9.8,79.1,0.7,4.5,X
2023-01-05,252,-2.9,8.5,2.3,-1.8,79.3,0.5,2.3,X
2023-01-05,253,-4.2,8.1,2.6,-2.5,50.4,1.5,3.2,X
2023-01-05,254,-9.9,6.9,-0.6,-6.2,82.9,0.9,2.5,X
2023-01-05,257,-5.4,9.4,2.5,-2.3,58.3,1.4,3.8,X
2023-01-05,259,-5.5,9.8,1.8,-3.6,80.1,0.7,3.6,X
2023-01-05,260,4.9,9.7,1.1,-5.2,81.4,0.6,3.3,X
2023-01-05,261,-5.6,9.5,2,-4.9,84.6,0.5,3.2,X
2023-01-05,262,4.1,8.7,1.3,-4.5,80,0.6,2.9,X
2023-01-05,263,-11.8,8.8,-1.2,-7.6,70.6,0.9,2.4,X
2023-01-05,264,-7.8,8.6,-0.7,-7.5,69.5,1.1,5.2,X
2023-01-05,268,-4.9,9.8,2.4,-3.2,83.8,0.9,4.5,X
2023-01-05,271,-2.7,4.6,-4.5,-12.1,70.3,0.8,5,O
2023-01-05,272,-12.4,4.1,-2.5,-10.3,64.8,2.7,6.6,O
2023-01-05,273,-10.1,5.6,-1.6,-8.2,62,1.4,5.3,X
2023-01-05,276,-8.2,5.7,-4.4,-13.1,60.4,1.4,4.9,O
2023-01-05,277,-5.3,7.1,1.8,-2.8,44.9,2,5.3,X
2023-01-05,278,-3.5,6.4,-3.8,-11.7,70.9,0.7,3.2,O
2023-01-05,279,5.2,7.1,-1,-7,66.9,0.3,1.8,X
2023-01-05,281,-3.8,6.7,-0.9,-8.8,62.3,1.4,5.1,X
2023-01-05,283,-9.1,7.2,0.1,-6.2,59.1,2.5,5.4,X
2023-01-05,284,-4.5,8,-1.3,-8.2,72.9,0.8,3.2,X
2023-01-05,285,5.3,7.5,-1.2,-6.9,71,0.4,2.2,X
2023-01-05,288,-7.6,8.2,-0.5,-6.6,59.9,0.4,1.7,X
2023-01-05,289,2.3,9.2,-0.1,-6.6,69.9,0.8,4,X
2023-01-05,294,1.7,8,3,-1.4,66,0.4,1.7,X
2023-01-05,295,-2.8,7.9,2.6,-2,70.3,0.9,2.4,X
2023-01-05,433,-2.3,0.9,-3.3,-7,60,0.1,1.4,X
2023-01-05,437,-0.3,2.7,-0.4,-3.6,57,0.5,1.8,X
2023-01-05,445,-9.3,2.6,-2.5,-7.4,63,0.8,1.8,X
2023-01-05,504,-13.2,4.3,-5.6,-12.5,64,0.9,2.9,O
2023-01-05,505,-14.1,3.1,-6.3,-13.9,65,0.7,3,O
2023-01-05,516,-10.9,2.4,-3.7,-8.8,78,0.6,1.8,X
2023-01-05,517,-6.4,6.9,2,-3.2,25,2.8,4.8,X
2023-01-05,526,-4.9,3.3,-7.4,-14.7,65,0.5,2.1,O
2023-01-05,532,-7.4,3.2,-4.1,-10.2,66,0.5,2.2,O
2023-01-05,536,-15.4,3.4,-6.5,-13.7,72,1,3.6,O
2023-01-05,540,-3.1,3.6,-3.6,-9,60,0.4,1.9,O
2023-01-05,541,-13,4.2,-4.8,-10.6,64,0.8,2.8,O
2023-01-05,545,1.7,3.5,-5.2,-11.4,81,0.2,1.7,X
2023-01-05,546,-13.5,1.5,-4.7,-10.2,64,0.9,3.1,O
2023-01-05,548,-13.9,1.1,-4.6,-10.1,74,1,2.2,O
2023-01-05,549,-0.7,2.2,-5,-10.2,74,0.5,1.3,O
2023-01-05,550,-0.1,3,-3.4,-9.3,76,0.3,1.7,X
2023-01-05,551,-9.5,3.4,-2.3,-7.7,72,0.8,2,X
2023-01-05,555,-14.5,3.7,-6.7,-13.2,77,0.8,2.3,O
2023-01-05,556,-19.4,3.6,-8.2,-16,64,0.9,3.7,O
2023-01-05,565,-1.7,2.8,-4.7,-10.1,82,0.4,1.7,X
2023-01-05,569,-10.4,3.7,-2.7,-7.9,59,1.2,2.6,X
2023-01-05,571,-8.6,3,-2,-6.3,73,0.5,1.8,X
2023-01-05,590,-3.4,3.2,-4.1,-9.4,75,0.5,1.6,X
2023-01-05,598,-16.5,3.5,-6.1,-13,71,0.5,2.1,O
2023-01-05,601,-4,4.2,-4.3,-11.1,76,0.6,2.9,O
2023-01-05,602,-7.4,2.3,-4.1,-9.7,78,0.4,1.8,X
2023-01-05,603,-2.6,3.3,-6.1,-13.2,79,0.5,2.5,O
2023-01-05,604,1.4,5.6,-2.5,-8.1,79,0.4,2.3,X
2023-01-05,608,-8.8,4.3,-1.7,-5.9,73,1.2,3.1,X
2023-01-05,612,-5.9,4.6,-2.7,-8.2,79,0.7,2.5,X
2023-01-05,615,-8.8,7.2,-1,-6.5,79,0.9,2.6,X
2023-01-05,616,-0.2,3.3,-1.8,-5.9,80,0.5,1.7,X
2023-01-05,618,1.4,5.5,-2.7,-8.6,82,0.4,2.5,X
2023-01-05,619,-11.1,1.5,-6.9,-13.2,81,0.7,2.9,O
2023-01-05,623,-11.3,3.6,-3.5,-9.2,81,0.3,1.4,X
2023-01-05,627,-1.4,5.4,-0.1,-4,76,0.7,2.5,X
2023-01-05,628,-8.6,2.5,-2,-6.3,82,0.8,2.1,X
2023-01-05,634,-9.1,3,-2.1,-6.7,77,1.2,2.9,X
2023-01-05,636,-12.8,6.4,-2.6,-9.7,79,0.7,3.8,X
2023-01-05,652,-7.9,3.1,-6.3,-13.6,67,0.6,1.8,O
2023-01-05,670,-4.7,6.6,2.9,-0.9,22,3.8,6.2,X
2023-01-05,699,-4.6,9.3,2.2,-2.3,80,1.6,3.8,X
2023-01-05,701,-10.2,5.6,-2.2,-8.3,78,0.8,3,X
2023-01-05,702,-6.3,7.6,0.8,-4.3,74,1,2.2,X
2023-01-05,703,-10.9,5.6,-2,-8.6,82,0.9,4.1,X
2023-01-05,706,-6.5,8.1,0.9,-4.5,87,1.2,2.7,X
2023-01-05,709,-7,9,0,-6.1,83,1.4,6.3,X
2023-01-05,710,-4.7,8.5,1.2,-4.1,86,0.9,2.2,X
2023-01-05,712,0.6,10.3,2,-3.8,76,0.8,3.1,X
2023-01-05,713,0.7,10.9,2,-3.9,59,0.8,2.9,X
2023-01-05,730,-4.2,7.8,0.8,-3.5,82,0.7,1.9,X
2023-01-05,732,-0.8,8.5,-0.2,-5.7,82,0.6,3.2,X
2023-01-05,734,-7.6,8.3,0.7,-5.5,77,1.3,3.5,X
2023-01-05,737,-6.7,7.1,1.7,-3.2,73,0.3,2.9,X
2023-01-05,741,-6.4,8.5,1,-3.7,79,1,3.8,X
2023-01-05,754,-5.6,9.1,1.9,-3.3,81,1.7,3.6,X
2023-01-05,768,-7.5,7.3,-0.8,-5.6,87,0.6,1.8,X
2023-01-05,789,-4.9,8.6,3.6,0.5,90,2.9,6.2,X
2023-01-05,801,-13.6,5.3,-4.4,-13,69,1.1,3.7,O
2023-01-05,810,-0.5,7.8,-2.2,-9.7,69,0.9,3.9,X
2023-01-05,812,5.2,6.7,-2.9,-9.3,69,0.4,1.7,X
2023-01-05,813,-12.5,7.7,-2.7,-9.8,71,1,2.7,X
2023-01-05,815,-6.2,6.4,-4.1,-10.8,71,0.8,3.5,X
2023-01-05,822,-4.5,6,-4.3,-12,75,0.8,3.3,O
2023-01-05,823,-6.5,6.3,-3.5,-11.5,73,0.9,4,V
2023-01-05,825,-2.3,7.5,-1.2,-8.1,75,0.9,4.2,X
2023-01-05,827,-4.8,7,-0.1,-5.6,61,0.7,2.7,X
2023-01-05,876,-4.5,9.5,3.9,-0.4,28,2.8,5.7,X
2023-01-05,90,-3.8,7,2.5,-1.6,23.8,2.2,5.2,X
2023-01-05,907,-2.8,8.1,3.2,-1.4,61,1.3,3.6,X
2023-01-05,918,-8.4,8.4,0.1,-6.7,72,1.3,3.8,X
2023-01-05,919,-10.6,7.5,-1.5,-7.9,72,0.7,2.6,X
2023-01-05,920,-12,7.9,-2.2,-9.2,75,0.7,2.4,X
2023-01-05,93,-7.2,3.1,-6.8,-14,67.3,0.5,1.6,O
2023-01-05,932,-6.3,10,1.2,-4.5,70,0.7,2.9,X
2023-01-05,95,-1,2.8,-7.7,-15.6,67,0.3,1.5,O
2023-01-05,98,-0.7,4,-4.4,-10.7,59.8,0.3,2.4,O
2023-01-05,99,-5.2,3.2,-5.9,-13.2,65.3,0.3,1.8,O
2023-01-06,104,-3.6,8.2,4,-1.2,35.3,1.6,3.1,X
2023-01-06,106,-1.8,10,5.1,0.2,34.4,1.5,3.9,X
2023-01-06,108,-8.6,5.7,0.6,-4.7,71.9,2.2,4.1,X
2023-01-06,112,-6.1,4.7,1.7,-3,70.1,2.9,6.3,X
2023-01-06,114,-2.9,4.5,-1.9,-8,69.8,0.6,2.3,X
2023-01-06,115,-0.3,9.4,4.8,2.5,53.6,2.7,5.2,X
2023-01-06,119,-9.4,4.1,-0.9,-7.8,84.1,1.3,3.7,X
2023-01-06,121,1.5,5.4,-3,-10,72.3,0.4,1.6,X
2023-01-06,127,-3,4.5,-3.3,-10.1,77.6,0.4,1.8,X
2023-01-06,129,-6,5.9,0.9,-5.5,81.4,1.5,7,X
2023-01-06,130,-4.8,8.8,4,-1.1,36,2.8,4.8,X
2023-01-06,131,-5.9,6.2,1.2,-4.1,68,0.5,2.6,X
2023-01-06,133,-6.7,7.7,1.1,-4.1,72.4,1.2,4.1,X
2023-01-06,135,-6.5,7,-0.2,-4.4,67.6,1.5,4.3,X
2023-01-06,136,-8.7,6.4,-1.6,-8.1,67.3,0.8,2.7,X
2023-01-06,137,-4,8,0,-6.5,66.9,1,2.7,X
2023-01-06,138,-2.3,9.7,4.3,1.2,47.9,2.6,4.8,X
2023-01-06,140,-3.9,6.9,2.4,-2.5,75,1.9,7.2,X
2023-01-06,143,-5.3,9.2,1.8,-3.4,68.9,1.1,3.7,X
2023-01-06,146,-3.4,8.5,3.7,-1.4,74,1.3,4.7,X
2023-01-06,152,-2.6,9.8,4.1,-0.3,51,1.4,3.1,X
2023-01-06,155,-2.9,9,3.4,-1.5,54.8,1.1,3,X
2023-01-06,156,3,8.4,3.7,-1.2,81.4,0.5,2.4,X
2023-01-06,159,-3,11.3,5.3,1.3,51.3,3.3,5.7,X
2023-01-06,162,-2.9,10.4,4.4,-0.3,69.8,1.4,3.7,X
2023-01-06,165,-2.2,10.7,5.4,0.6,75.6,2.4,10,X
2023-01-06,168,-0.5,9.9,5.4,1.6,66.3,2,8.7,X
2023-01-06,169,1.5,11.8,7.5,4.4,80.4,3.9,11,X
2023-01-06,170,-0.2,11.2,5.8,1.1,78.5,1.3,6.5,X
2023-01-06,172,-5,9.2,3,-3.5,76.6,2,8.4,X
2023-01-06,184,3.1,12.3,9.2,5.6,69.6,2.8,8.9,X
2023-01-06,192,0,9.8,0.9,-6.2,65.3,0.4,2.8,X
2023-01-06,202,-3.6,3.8,-2.2,-9.1,75.8,0.7,2.4,X
2023-01-06,203,2.4,4.5,-2.7,-10.1,81,0.5,1.7,X
2023-01-06,211,-4,4.4,-3.8,-11.3,70.3,0.6,2.5,O
2023-01-06,212,-3.9,4.3,-3.6,-10.8,73.6,0.5,2.3,O
2023-01-06,216,-7.9,4.3,-3.1,-9.4,48.6,1,3.2,X
2023-01-06,217,-10.2,4.2,-4.7,-11.6,63.6,0.8,3,O
2023-01-06,221,-8.8,3.5,-4.8,-12.6,80.8,0.7,3,O
2023-01-06,226,-3.1,6.2,-1.7,-7.8,80.5,0.5,2,X
2023-01-06,232,-1.7,5.5,-1.2,-8.1,85.8,0.7,2.7,X
2023-01-06,235,-4,8.1,3.4,-1.4,72.3,1.9,7.3,X
2023-01-06,236,0.8,6.3,0.7,-4.6,85.9,0.6,2.5,X
2023-01-06,238,-0.8,7.5,-0.7,-6.8,81.6,0.6,2.4,X
2023-01-06,239,-0.3,6.3,0.8,-4.4,74.9,0.6,3,X
2023-01-06,243,-2.2,7.5,2.7,-2.6,85.6,0.9,4.3,X
2023-01-06,244,-0.7,6.4,0.2,-5.8,84.8,0.5,2.6,X
2023-01-06,245,1.5,8.2,2.8,-2.7,77.9,1,6.4,X
2023-01-06,247,-7.1,6.7,0.3,-5,78.8,1.2,2.3,X
2023-01-06,248,-4.7,6.6,-1.1,-8.9,76.1,0.8,3.6,X
2023-01-06,252,2.8,9.7,3.6,-3,78.8,1,5.6,X
2023-01-06,253,-4.1,10.5,3.8,-1.4,50.8,1.7,4.1,X
2023-01-06,254,-1.6,6.7,-0.4,-5.7,90.4,0.7,2.2,X
2023-01-06,257,-3.5,11.1,2.9,-2.8,58.8,1.2,3.3,X
2023-01-06,259,-4.7,10.5,4.4,-2.7,77.5,1.1,5.7,X
2023-01-06,260,2.7,10.4,3.5,-4.9,77.8,0.7,3.2,X
2023-01-06,261,2.7,10.6,3.4,-4.1,84.1,0.8,6.1,X
2023-01-06,262,1.6,9.9,3.2,-2.7,78.5,0.7,4,X
2023-01-06,263,-9,10.7,0.3,-6.4,69,1,2.6,X
2023-01-06,264,-5.9,9.9,0.8,-6.4,64,1.4,4.7,X
2023-01-06,268,-5.3,11.1,4.7,-3,78.8,1.5,7.9,X
2023-01-06,271,-7.7,6.2,-3.2,-9.8,72.6,0.8,3.4,X
2023-01-06,272,-11.9,5.7,-2.4,-9,69.3,1.1,2.9,X
2023-01-06,273,-7.1,6.4,-0.5,-6.5,67.5,1.1,2.8,X
2023-01-06,276,-10.2,7,-4.1,-11,63.4,0.8,4.5,X
2023-01-06,277,-3.8,9.1,3.6,0.3,40.8,2.9,5.7,X
2023-01-06,278,3.1,7.5,-2.8,-9.6,71.9,0.4,1.9,X
2023-01-06,279,-1.5,7.7,0.1,-5.3,67.6,0.1,1.5,X
2023-01-06,281,-4.8,8.1,0.5,-4.5,62.9,0.8,2.9,X
2023-01-06,283,-6.7,10.9,1.7,-3.8,54.9,1.6,3.7,X
2023-01-06,284,-5.7,10,0,-7.2,70.5,0.9,3.8,X
2023-01-06,288,1.8,10,0.6,-5.5,61,0.4,1.6,X
2023-01-06,289,-0.4,9.9,1.3,-4.6,64,0.6,3.4,X
2023-01-06,294,1.8,8.3,3.7,-1.1,67.1,0.8,2.4,X
2023-01-06,295,-1.5,9.2,3.8,-0.4,69.8,0.8,3.3,X
2023-01-06,433,-2.2,3.1,-0.7,-6.5,69,0.7,2,X
2023-01-06,437,-4.6,5,1.7,-2.3,67,1.4,3.3,X
2023-01-06,438,-1.1,4.5,0.7,-4,70,0.7,2.3,X
2023-01-06,444,1.2,4.7,-1.1,-7.8,69,0.2,1.3,X
2023-01-06,445,-7.5,4.3,0,-6.4,75,1,2.7,X
2023-01-06,504,-2.5,4.1,-2.2,-10.6,74,1.3,4.4,O
2023-01-06,505,-1.8,3.8,-3.6,-12.1,77,0.6,2,O
2023-01-06,516,-4.2,5.4,-0.3,-7.2,80,0.8,2.7,X
2023-01-06,517,-5.8,8,3.4,-3,39,2.2,5.1,X
2023-01-06,526,-3.4,4.4,-5.4,-13,70,0.5,2.5,O
2023-01-06,532,-2.2,3.8,-1.6,-8.7,79,1,3.2,X
2023-01-06,536,-14.6,4,-3.7,-11.3,75,1.1,3.4,O
2023-01-06,540,-2.1,6,0,-7.1,71,1.5,4.1,X
2023-01-06,541,-2.8,4.5,-2,-9.5,72,0.9,2.3,X
2023-01-06,545,0.1,5.3,-1,-10.1,81,0.5,1.7,X
2023-01-06,546,-13.9,4.6,-2.1,-8.9,70,1.5,3.1,X
2023-01-06,548,-13.1,3.9,-2.4,-8.8,79,0.9,2.3,X
2023-01-06,549,-1.2,4.9,-2,-9.4,77,0.7,2.4,X
2023-01-06,550,-0.8,5.1,-0.5,-7.8,82,0.7,2.3,X
2023-01-06,551,-9.2,6.1,0.4,-6.5,78,1.3,2.5,X
2023-01-06,555,-14,3.8,-3.7,-10.7,83,0.8,3,O
2023-01-06,556,-15.3,3.8,-5.1,-13.8,70,0.7,2.2,O
2023-01-06,565,-1.9,4.8,-0.5,-9.2,81,2.3,5.7,X
2023-01-06,569,-8.7,5.2,-0.5,-6.9,68,1.2,2.5,X
2023-01-06,571,-7.8,5,1,-5.1,75,1.4,3.1,X
2023-01-06,572,-1.4,4.8,-0.5,-6.8,66,0.7,3.1,X
2023-01-06,590,-0.9,5.3,-0.6,-8.6,80,0.8,2.9,X
2023-01-06,601,-5.4,5.3,-3,-9.6,75,0.4,1.6,X
2023-01-06,602,-2.8,6.3,-1.5,-8.9,79,0.5,2.5,X
2023-01-06,603,-5.6,5.9,-3.8,-11.6,81,0.5,2.1,X
2023-01-06,604,-1.7,7.3,-0.6,-6.5,81,0.4,2.2,X
2023-01-06,608,-6.9,6.3,1.2,-5.4,76,1.2,5.6,X
2023-01-06,612,-4.5,6.3,-0.2,-6,84,0.6,2.5,X
2023-01-06,614,-5.1,5.8,1.7,-4.8,81,1.2,3.5,X
2023-01-06,615,-6.5,7.8,0.8,-4.9,83,0.8,3,X
2023-01-06,616,1.3,5.8,1.2,-5.2,80,0.8,3.2,X
2023-01-06,618,2.6,5.6,-0.1,-7.4,84,0.4,1.9,X
2023-01-06,619,-14.2,4.1,-4.3,-11.7,85,1.3,4.7,X
2023-01-06,623,-1.1,4.9,-1,-7.6,83,0.6,2.6,X
2023-01-06,627,0.1,5.4,2,-3.5,84,1.4,4.5,X
2023-01-06,628,-4.6,7,1.1,-5.3,83,1.1,3.6,X
2023-01-06,634,-8.6,6.1,0.6,-6,81,1.5,3.9,X
2023-01-06,636,-1.4,6.5,-0.5,-7,87,0.7,3,X
2023-01-06,652,-13.5,4.3,-2.1,-10.8,76,1.4,3.9,O
2023-01-06,670,-4.3,8.4,4.4,0.8,34,3.7,6.8,X
2023-01-06,699,-5.8,10.3,4,-2.5,79,1.5,5.3,X
2023-01-06,701,-7.7,7.8,-0.4,-6.7,77,1,3.5,X
2023-01-06,702,-5.4,7.9,1.7,-3.5,81,1.1,3.1,X
2023-01-06,703,-7.1,5.3,-1.1,-7.5,83,1.1,3.5,X
2023-01-06,706,-6.1,8.8,1.6,-4,90,1,2.6,X
2023-01-06,709,-1.3,9.6,1.2,-5.9,81,1.1,4.2,X
2023-01-06,710,-5.6,9.5,2.5,-4.2,87,0.9,5.9,X
2023-01-06,712,-4.1,10.3,4,-2.1,75,1.2,3.4,X
2023-01-06,713,2.8,12.1,3.6,-2.9,62,0.7,2.3,X
2023-01-06,730,-1.5,8,1.6,-4.4,87,0.7,3.3,X
2023-01-06,732,1.7,10,2.5,-5,79,0.6,2.8,X
2023-01-06,734,-6.1,8.2,2.1,-4,82,1.6,4.8,X
2023-01-06,737,-4.3,7.7,2.7,-2.5,82,1.2,5.3,X
2023-01-06,741,-6,9.9,2.6,-4.1,81,1,3.3,X
2023-01-06,754,-6,9.6,3.1,-3.9,83,1.3,5.5,X
2023-01-06,768,-5.6,7.2,-0.3,-6.3,93,0.6,2.2,X
2023-01-06,789,-5.5,10.3,5.3,-0.1,86,3.4,11.2,X
2023-01-06,801,-12.4,6.3,-3.8,-10.5,76,1,3.4,X
2023-01-06,810,-7.3,8.8,-0.7,-7.2,68,0.8,3,X
2023-01-06,812,-3,8.3,-1,-7.9,69,0.4,2.1,X
2023-01-06,813,-10.8,9.7,-1.1,-8,67,1,3.5,X
2023-01-06,815,-4.1,7.1,-2.6,-9.3,72,0.6,1.9,X
2023-01-06,822,-4.9,8.4,-2.8,-10.4,75,0.5,1.9,X
2023-01-06,823,-7.1,8.1,-2.4,-9.6,76,0.8,3.2,X
2023-01-06,825,-2.8,8.5,-0.1,-5.9,80,0.6,2.9,X
2023-01-06,827,-0.2,8.9,1.5,-3.7,57,0.8,3,X
2023-01-06,876,-2.9,12.3,5.4,1.1,28,2.5,5.1,X
2023-01-06,90,-3.9,8.4,3.5,-1.4,36.4,1.6,5,X
2023-01-06,907,-3.4,8.9,4.1,-1.6,67,1.5,4.2,X
2023-01-06,918,-7.6,9.1,1.7,-5.1,71,1.6,4.7,X
2023-01-06,919,-8,9.6,0.1,-6.1,70,0.6,2,X
2023-01-06,920,-9.6,9.8,-0.8,-8,75,0.8,2.5,X
2023-01-06,93,-3,3.3,-4.6,-12.5,77,0.4,1.5,O
2023-01-06,932,1.7,10.5,2.4,-4.2,72,0.6,3.4,X
2023-01-06,95,-1.5,3.2,-3.5,-12,76.8,0.5,2.2,O
2023-01-06,98,-2.5,5.2,-1.2,-8.5,74.1,0.9,3.3,X
2023-01-06,99,1.1,4.3,-2.8,-11.2,78.6,0.5,3.4,X
2023-01-07,104,-2,8,3.1,-0.6,66.3,1.4,3.7,X
2023-01-07,106,0.8,8.6,5.5,2.8,48.4,2.7,5.9,X
2023-01-07,108,-3.3,3.8,1.5,-1.4,80.9,2.2,4.4,X
2023-01-07,112,-3.9,3.5,1.5,-1.2,74.6,3.3,6.5,X
2023-01-07,114,-2.9,3.4,1.1,-2.4,81.6,1,2.9,X
2023-01-07,115,-2.1,6.5,4.9,3.2,80,3.2,8.5,X
2023-01-07,119,-6,3,0.5,-3.8,88,2.2,4.5,X
2023-01-07,121,-4.7,2.7,-0.5,-3.5,85.8,0.8,3,X
2023-01-07,127,-5,4.1,0.8,-3.3,76.5,1.6,5.1,X
2023-01-07,129,-4.1,5.2,2,-4.1,72.4,3.2,6.8,X
2023-01-07,130,-2.2,9.7,3.9,0.7,53.6,2.7,6.6,X
2023-01-07,131,0.2,5.5,2.9,-0.4,66.3,1.4,4.1,X
2023-01-07,133,-3.5,6.9,2.6,-2.1,62.1,2.5,6.5,X
2023-01-07,135,-4,5.2,2,-2.1,63.4,3.9,7,X
2023-01-07,136,-6.3,4.3,-0.1,-3.8,75.1,1.9,5.2,X
2023-01-07,137,-4,6.1,2,-2.3,67.9,2.4,6.3,X
2023-01-07,138,-1.1,7.6,4.4,1.9,53.8,2.8,5.4,X
2023-01-07,140,-0.9,6,3.4,-1.8,63.1,4.9,8.9,X
2023-01-07,143,-2.6,7.9,3.2,-0.9,70.5,2.4,6.8,X
2023-01-07,146,-3.1,6.8,3.6,-1,63.4,3.1,6,X
2023-01-07,152,-0.7,8.8,5.3,1.1,44,2.7,4.7,X
2023-01-07,155,-0.1,8.5,4.8,1.5,46.4,1.5,3.5,X
2023-01-07,156,2,7.3,4.6,1.2,54.8,1.3,2.9,X
2023-01-07,159,-1.3,9.9,5.7,3.6,52.9,3.7,8.6,X
2023-01-07,162,-0.1,8.7,5.2,1.8,61,2.9,5.2,X
2023-01-07,165,-0.1,6.9,4.7,1.9,64,5.9,10.1,X
2023-01-07,168,-2,8.1,5.2,2.6,51,6.3,13.1,X
